date,region,mean_temp_c,min_temp_c,sunshine_hours,rain_mm
2025-01-01,north,1.3,-1.6,0.9,0.0
2025-01-02,north,2.5,-2.7,2.4,0.0
2025-01-03,north,3.2,-3.1,0.0,6.4
2025-01-04,north,1.5,-4.5,1.8,0.0
2025-01-05,north,1.2,-5.2,1.4,0.0
2025-01-06,north,-1.4,-5.9,0.0,1.2
2025-01-07,north,-2.7,-5.4,1.5,0.0
2025-01-08,north,-0.1,-3.8,0.0,0.0
2025-01-09,north,2.4,-0.7,2.5,0.7
2025-01-10,north,2.4,-0.8,1.1,3.0
2025-01-11,north,2.6,-1.9,0.0,0.0
2025-01-12,north,2.1,-1.3,0.5,0.0
2025-01-13,north,-1.6,-6.2,2.4,3.5
2025-01-14,north,0.5,-3.3,2.3,0.0
2025-01-15,north,0.4,-5.5,0.0,0.0
2025-01-16,north,1.5,-4.1,1.0,0.0
2025-01-17,north,2.8,-2.3,0.3,0.0
2025-01-18,north,4.2,-0.8,2.2,2.9
2025-01-19,north,2.0,-4.1,1.1,0.0
2025-01-20,north,3.5,-2.8,0.0,0.0
2025-01-21,north,3.8,-1.1,1.8,0.0
2025-01-22,north,3.3,-0.3,5.3,0.0
2025-01-23,north,3.9,1.0,0.0,0.0
2025-01-24,north,4.6,0.4,0.0,0.0
2025-01-25,north,2.6,-2.6,2.7,7.6
2025-01-26,north,3.6,-2.7,0.0,0.0
2025-01-27,north,2.9,-0.7,5.0,0.0
2025-01-28,north,0.4,-4.4,0.0,2.0
2025-01-29,north,1.3,-3.4,3.6,0.0
2025-01-30,north,-0.3,-4.2,0.9,0.7
2025-01-31,north,1.6,-2.0,3.2,1.8
2025-02-01,north,2.6,-0.4,3.2,5.9
2025-02-02,north,0.9,-4.3,0.9,0.0
2025-02-03,north,0.8,-2.6,0.0,0.0
2025-02-04,north,3.2,-1.0,0.4,4.3
2025-02-05,north,1.9,-4.1,0.1,0.0
2025-02-06,north,2.8,-2.0,4.1,0.0
2025-02-07,north,4.3,-1.5,0.1,0.0
2025-02-08,north,3.0,-1.2,4.4,4.2
2025-02-09,north,3.5,-2.4,0.0,0.0
2025-02-10,north,2.4,-1.0,1.9,0.0
2025-02-11,north,0.6,-4.8,0.4,0.0
2025-02-12,north,-1.4,-6.1,1.9,1.6
2025-02-13,north,-1.0,-5.0,0.1,0.0
2025-02-14,north,1.6,-4.6,1.2,0.0
2025-02-15,north,1.2,-2.1,0.0,0.0
2025-02-16,north,0.4,-5.1,0.0,0.0
2025-02-17,north,-0.7,-4.6,3.7,2.5
2025-02-18,north,-2.2,-6.4,4.7,1.0
2025-02-19,north,-1.7,-5.8,2.0,0.0
2025-02-20,north,0.4,-5.3,2.1,0.0
2025-02-21,north,0.6,-2.4,2.2,0.0
2025-02-22,north,1.1,-5.4,1.7,0.0
2025-02-23,north,1.9,-2.3,0.0,1.0
2025-02-24,north,1.9,-2.7,2.6,0.0
2025-02-25,north,6.3,0.5,0.0,6.1
2025-02-26,north,6.8,3.3,2.0,3.5
2025-02-27,north,6.1,-0.4,1.5,0.0
2025-02-28,north,6.3,1.6,0.4,0.0
2025-03-01,north,7.9,2.7,1.5,0.0
2025-03-02,north,7.2,1.7,3.5,0.1
2025-03-03,north,8.1,3.7,1.0,0.0
2025-03-04,north,8.9,5.8,1.0,6.0
2025-03-05,north,4.7,0.8,0.8,0.0
2025-03-06,north,7.1,1.2,2.2,0.0
2025-03-07,north,6.2,0.7,0.2,0.0
2025-03-08,north,5.2,0.8,2.0,0.0
2025-03-09,north,4.3,-1.1,2.4,0.0
2025-03-10,north,2.7,-2.4,0.0,1.4
2025-03-11,north,3.7,0.5,2.8,0.0
2025-03-12,north,1.8,-4.2,3.4,0.0
2025-03-13,north,1.4,-3.7,2.5,0.0
2025-03-14,north,2.1,-0.4,2.0,0.0
2025-03-15,north,1.9,-2.2,1.9,1.4
2025-03-16,north,4.7,-0.1,4.0,0.0
2025-03-17,north,4.4,1.5,4.3,0.0
2025-03-18,north,3.6,-1.9,2.7,0.0
2025-03-19,north,5.1,-1.4,4.3,0.0
2025-03-20,north,4.7,2.0,3.1,6.2
2025-03-21,north,3.3,0.8,3.1,0.0
2025-03-22,north,2.4,-3.6,2.3,0.0
2025-03-23,north,1.9,-2.2,0.6,3.3
2025-03-24,north,3.7,-1.6,2.3,0.0
2025-03-25,north,4.8,1.7,1.1,0.0
2025-03-26,north,8.8,4.5,5.2,6.8
2025-03-27,north,7.5,3.8,2.2,0.0
2025-03-28,north,7.2,1.8,3.0,3.6
2025-03-29,north,7.0,1.0,2.2,0.0
2025-03-30,north,6.5,3.3,2.3,0.0
2025-03-31,north,4.4,-1.7,4.3,0.0
2025-04-01,north,4.3,-1.6,4.9,3.6
2025-04-02,north,5.3,2.6,3.6,0.0
2025-04-03,north,3.2,-1.8,1.6,0.0
2025-04-04,north,3.4,-0.8,2.4,2.8
2025-04-05,north,3.5,-1.8,1.7,1.5
2025-04-06,north,2.7,-3.3,3.1,0.0
2025-04-07,north,5.2,2.2,3.8,0.7
2025-04-08,north,5.8,0.4,2.7,0.0
2025-04-09,north,4.6,1.3,4.0,0.0
2025-04-10,north,7.1,2.7,4.7,0.0
2025-04-11,north,7.7,2.2,1.7,0.0
2025-04-12,north,10.7,7.5,4.2,8.9
2025-04-13,north,13.5,9.1,3.4,0.0
2025-04-14,north,11.0,4.8,4.3,5.5
2025-04-15,north,11.5,6.5,2.4,0.6
2025-04-16,north,9.2,5.6,6.8,0.0
2025-04-17,north,10.3,5.1,2.4,1.4
2025-04-18,north,12.9,9.0,5.4,1.0
2025-04-19,north,12.7,8.0,5.2,0.0
2025-04-20,north,10.3,4.2,4.3,0.0
2025-04-21,north,10.4,4.4,4.4,0.0
2025-04-22,north,11.2,8.2,5.2,0.0
2025-04-23,north,12.8,7.4,3.6,0.0
2025-04-24,north,9.7,6.7,3.7,9.4
2025-04-25,north,11.5,8.7,4.6,0.0
2025-04-26,north,10.4,6.7,8.6,3.6
2025-04-27,north,10.2,5.9,5.5,0.0
2025-04-28,north,7.5,1.6,5.2,6.4
2025-04-29,north,6.2,1.6,7.4,0.0
2025-04-30,north,5.6,2.3,7.3,7.4
2025-05-01,north,6.5,3.8,6.3,0.0
2025-05-02,north,8.1,2.9,8.2,14.0
2025-05-03,north,11.8,8.5,6.2,0.0
2025-05-04,north,9.5,6.6,6.9,2.2
2025-05-05,north,10.3,6.3,7.3,0.0
2025-05-06,north,9.5,5.8,5.0,0.0
2025-05-07,north,10.4,4.1,4.2,0.0
2025-05-08,north,13.6,9.6,7.6,0.0
2025-05-09,north,11.5,8.6,7.1,0.0
2025-05-10,north,13.3,8.1,5.7,6.3
2025-05-11,north,11.8,6.8,2.9,0.0
2025-05-12,north,13.8,7.4,7.9,0.0
2025-05-13,north,14.6,9.6,7.2,0.0
2025-05-14,north,13.9,10.1,7.8,0.0
2025-05-15,north,12.7,10.0,5.7,1.3
2025-05-16,north,12.7,8.2,1.8,0.0
2025-05-17,north,15.7,10.1,6.2,0.0
2025-05-18,north,14.7,11.5,8.4,0.0
2025-05-19,north,13.1,6.7,5.2,0.0
2025-05-20,north,14.7,9.8,7.5,0.0
2025-05-21,north,13.5,9.0,7.0,6.1
2025-05-22,north,12.3,6.6,8.4,0.0
2025-05-23,north,10.6,6.6,7.0,10.2
2025-05-24,north,11.4,6.3,8.4,8.3
2025-05-25,north,10.3,6.8,7.8,0.0
2025-05-26,north,9.8,3.8,6.8,2.6
2025-05-27,north,11.5,7.0,7.4,0.0
2025-05-28,north,12.7,7.7,9.0,0.0
2025-05-29,north,10.0,5.7,8.6,0.0
2025-05-30,north,11.4,8.1,8.5,0.0
2025-05-31,north,12.2,7.1,6.7,0.0
2025-06-01,north,12.9,9.5,4.2,0.0
2025-06-02,north,13.0,8.2,6.3,5.1
2025-06-03,north,17.2,10.9,4.7,0.0
2025-06-04,north,13.0,9.7,9.5,0.0
2025-06-05,north,12.8,7.5,8.1,0.0
2025-06-06,north,10.7,5.4,5.1,0.0
2025-06-07,north,9.0,4.3,7.3,0.0
2025-06-08,north,10.1,4.4,6.5,0.0
2025-06-09,north,10.0,4.7,11.0,0.0
2025-06-10,north,10.0,4.6,7.6,6.3
2025-06-11,north,13.9,10.2,2.3,0.0
2025-06-12,north,13.0,8.7,4.3,0.0
2025-06-13,north,12.4,8.2,6.5,4.7
2025-06-14,north,13.2,10.4,10.0,0.0
2025-06-15,north,12.1,9.2,7.9,2.9
2025-06-16,north,12.3,7.4,8.3,1.6
2025-06-17,north,14.6,11.2,11.8,0.0
2025-06-18,north,14.4,8.7,9.6,0.0
2025-06-19,north,12.0,6.3,6.7,0.0
2025-06-20,north,14.1,8.7,6.2,0.0
2025-06-21,north,14.9,8.7,7.4,0.0
2025-06-22,north,15.7,12.8,4.9,9.5
2025-06-23,north,20.4,16.5,8.3,1.1
2025-06-24,north,19.6,14.9,6.5,0.0
2025-06-25,north,18.1,14.6,3.3,0.0
2025-06-26,north,17.0,12.8,6.4,0.0
2025-06-27,north,18.3,14.6,5.6,10.1
2025-06-28,north,16.1,11.0,6.3,0.0
2025-06-29,north,18.1,13.3,10.1,0.4
2025-06-30,north,18.6,15.1,6.9,4.8
2025-07-01,north,15.7,10.6,7.1,5.3
2025-07-02,north,14.8,8.5,7.2,2.9
2025-07-03,north,14.6,10.5,8.5,0.0
2025-07-04,north,14.1,10.7,9.1,2.8
2025-07-05,north,15.1,9.9,8.3,5.6
2025-07-06,north,16.5,13.4,10.2,0.0
2025-07-07,north,16.7,10.4,6.0,0.5
2025-07-08,north,16.8,11.2,6.9,0.0
2025-07-09,north,15.9,11.2,5.2,0.0
2025-07-10,north,16.7,13.5,8.0,0.0
2025-07-11,north,16.4,13.3,4.1,4.7
2025-07-12,north,14.4,9.1,8.2,2.7
2025-07-13,north,16.0,12.4,9.5,2.1
2025-07-14,north,16.4,12.7,8.9,0.0
2025-07-15,north,19.4,13.9,7.9,0.0
2025-07-16,north,20.1,16.5,8.6,7.0
2025-07-17,north,21.4,17.8,10.0,3.1
2025-07-18,north,18.8,16.0,5.1,2.1
2025-07-19,north,18.0,13.2,9.2,0.0
2025-07-20,north,17.2,11.8,8.6,0.3
2025-07-21,north,15.2,8.8,9.6,5.6
2025-07-22,north,14.3,11.0,8.6,0.0
2025-07-23,north,14.5,8.4,6.6,3.4
2025-07-24,north,15.4,9.7,5.2,2.1
2025-07-25,north,15.7,9.9,8.9,0.0
2025-07-26,north,13.4,9.6,8.4,1.6
2025-07-27,north,12.6,6.3,6.7,0.0
2025-07-28,north,14.2,7.8,9.0,7.1
2025-07-29,north,15.0,8.8,9.8,0.0
2025-07-30,north,16.0,12.3,9.1,0.0
2025-07-31,north,13.1,6.7,6.9,0.0
2025-08-01,north,16.2,9.7,7.4,6.0
2025-08-02,north,15.7,10.6,8.6,0.6
2025-08-03,north,15.1,10.1,9.6,0.8
2025-08-04,north,16.7,13.6,7.1,0.2
2025-08-05,north,17.9,12.1,7.1,0.0
2025-08-06,north,17.1,14.5,5.8,0.0
2025-08-07,north,17.4,14.7,7.5,0.0
2025-08-08,north,17.5,13.1,8.9,0.9
2025-08-09,north,18.2,14.8,6.4,23.5
2025-08-10,north,18.0,13.1,3.6,0.0
2025-08-11,north,15.8,9.5,9.3,0.0
2025-08-12,north,17.8,13.4,9.8,6.7
2025-08-13,north,16.9,11.5,6.4,0.0
2025-08-14,north,14.3,8.2,8.1,3.2
2025-08-15,north,16.1,13.6,9.8,0.0
2025-08-16,north,17.2,13.0,4.4,13.5
2025-08-17,north,15.5,10.5,5.4,0.0
2025-08-18,north,19.3,16.2,10.9,3.0
2025-08-19,north,18.1,12.4,5.0,6.4
2025-08-20,north,16.8,13.8,5.5,0.0
2025-08-21,north,18.3,15.3,6.2,0.0
2025-08-22,north,17.6,12.9,5.6,0.0
2025-08-23,north,18.0,12.2,10.4,0.0
2025-08-24,north,17.0,12.4,8.1,0.8
2025-08-25,north,16.1,10.5,9.7,9.5
2025-08-26,north,17.4,14.7,4.2,2.1
2025-08-27,north,18.8,15.6,5.6,0.0
2025-08-28,north,17.7,13.6,5.5,5.8
2025-08-29,north,15.8,10.2,6.6,0.0
2025-08-30,north,14.8,10.8,8.7,0.0
2025-08-31,north,13.5,9.8,4.7,0.0
2025-09-01,north,12.9,8.6,5.4,2.9
2025-09-02,north,13.9,9.6,7.3,0.0
2025-09-03,north,16.0,11.8,8.6,0.0
2025-09-04,north,16.7,12.4,3.9,5.4
2025-09-05,north,18.5,14.5,6.9,0.0
2025-09-06,north,17.9,14.0,6.8,0.0
2025-09-07,north,16.8,13.9,5.9,0.0
2025-09-08,north,13.4,9.3,8.3,0.0
2025-09-09,north,13.8,11.0,3.9,8.6
2025-09-10,north,12.0,7.9,9.5,5.8
2025-09-11,north,11.7,5.5,4.6,0.0
2025-09-12,north,10.9,5.1,6.0,0.0
2025-09-13,north,12.9,8.4,8.5,0.8
2025-09-14,north,12.8,7.4,8.0,0.0
2025-09-15,north,14.1,8.1,2.3,0.0
2025-09-16,north,13.7,9.4,5.2,0.0
2025-09-17,north,14.2,8.2,7.1,7.6
2025-09-18,north,13.4,9.2,6.4,0.3
2025-09-19,north,12.6,9.8,9.8,0.0
2025-09-20,north,14.0,10.5,4.4,0.0
2025-09-21,north,11.3,7.1,7.0,0.0
2025-09-22,north,9.4,5.6,5.1,0.4
2025-09-23,north,8.6,6.0,0.9,0.0
2025-09-24,north,9.3,4.6,8.2,0.0
2025-09-25,north,8.7,4.4,5.7,0.0
2025-09-26,north,9.5,3.8,5.1,0.0
2025-09-27,north,10.4,7.5,3.9,0.0
2025-09-28,north,9.2,3.3,4.9,0.0
2025-09-29,north,8.5,2.8,5.3,7.4
2025-09-30,north,10.6,7.5,5.7,0.0
2025-10-01,north,9.2,5.1,2.3,0.0
2025-10-02,north,9.1,2.9,7.2,0.5
2025-10-03,north,10.0,6.2,4.6,0.0
2025-10-04,north,9.8,6.1,6.4,16.4
2025-10-05,north,11.2,5.0,3.5,0.8
2025-10-06,north,12.7,6.8,4.0,14.3
2025-10-07,north,10.0,6.7,3.8,0.0
2025-10-08,north,10.6,5.8,7.8,0.0
2025-10-09,north,13.0,7.0,7.3,3.9
2025-10-10,north,14.8,11.3,6.0,5.3
2025-10-11,north,12.0,8.3,7.3,1.9
2025-10-12,north,9.7,4.3,4.2,0.0
2025-10-13,north,9.2,5.5,5.1,0.0
2025-10-14,north,7.7,2.2,6.3,6.3
2025-10-15,north,9.0,3.4,4.1,7.3
2025-10-16,north,8.5,2.5,4.4,0.0
2025-10-17,north,10.7,7.2,5.7,0.0
2025-10-18,north,12.4,7.8,2.7,0.0
2025-10-19,north,11.9,6.9,4.0,2.6
2025-10-20,north,9.9,4.0,5.4,0.0
2025-10-21,north,9.7,3.3,7.0,0.0
2025-10-22,north,7.6,4.1,3.8,0.0
2025-10-23,north,5.8,0.6,0.1,0.9
2025-10-24,north,8.1,5.1,5.8,0.0
2025-10-25,north,7.3,4.3,0.3,0.0
2025-10-26,north,7.0,2.8,3.1,2.4
2025-10-27,north,8.7,4.0,6.9,0.0
2025-10-28,north,10.6,7.8,3.0,5.1
2025-10-29,north,11.6,7.2,5.0,0.0
2025-10-30,north,13.1,9.2,3.0,0.0
2025-10-31,north,10.7,5.8,4.0,3.2
2025-11-01,north,10.7,5.2,4.1,0.0
2025-11-02,north,7.9,5.1,3.8,0.0
2025-11-03,north,8.7,5.3,0.1,1.0
2025-11-04,north,8.7,5.8,3.8,1.0
2025-11-05,north,7.2,4.5,2.5,0.5
2025-11-06,north,7.3,2.0,4.1,7.3
2025-11-07,north,6.2,0.3,5.9,0.0
2025-11-08,north,7.7,2.6,2.8,0.0
2025-11-09,north,4.4,-1.1,2.2,0.0
2025-11-10,north,2.6,-3.8,2.6,0.0
2025-11-11,north,4.9,-0.7,2.1,0.0
2025-11-12,north,2.9,-0.9,4.2,2.8
2025-11-13,north,2.8,-1.8,0.5,0.0
2025-11-14,north,3.3,-3.1,2.2,12.5
2025-11-15,north,3.8,-1.3,5.1,0.0
2025-11-16,north,4.6,1.2,4.1,0.0
2025-11-17,north,4.9,1.3,4.1,0.5
2025-11-18,north,4.2,-1.4,3.6,0.0
2025-11-19,north,4.8,-0.9,2.0,0.0
2025-11-20,north,3.6,-2.4,1.9,13.1
2025-11-21,north,5.0,-0.1,5.5,4.4
2025-11-22,north,4.4,-2.0,2.2,0.0
2025-11-23,north,4.0,0.1,2.2,0.0
2025-11-24,north,3.0,-3.4,1.8,0.0
2025-11-25,north,-0.4,-4.5,2.7,0.0
2025-11-26,north,1.5,-3.0,3.2,0.0
2025-11-27,north,0.3,-5.5,2.0,0.0
2025-11-28,north,-1.2,-6.0,0.5,0.0
2025-11-29,north,0.1,-3.5,3.9,0.0
2025-11-30,north,1.3,-1.9,0.2,0.0
2025-12-01,north,0.9,-3.7,4.6,0.2
2025-12-02,north,2.9,-0.4,3.9,0.0
2025-12-03,north,3.0,-1.6,2.0,0.0
2025-12-04,north,3.7,0.2,1.9,2.5
2025-12-05,north,4.3,0.2,2.7,0.0
2025-12-06,north,5.3,-0.6,0.0,0.0
2025-12-07,north,7.1,2.0,3.2,0.0
2025-12-08,north,8.2,4.2,1.3,1.5
2025-12-09,north,4.7,0.6,3.8,3.9
2025-12-10,north,2.9,-0.6,1.7,0.7
2025-12-11,north,1.8,-3.1,3.2,0.0
2025-12-12,north,4.1,1.2,2.7,9.2
2025-12-13,north,3.3,-0.9,2.7,0.0
2025-12-14,north,1.7,-4.5,2.1,0.0
2025-12-15,north,3.3,-2.6,0.0,0.0
2025-12-16,north,1.4,-2.0,1.2,0.0
2025-12-17,north,2.6,-1.0,2.5,0.0
2025-12-18,north,2.8,-2.4,2.4,0.0
2025-12-19,north,1.5,-1.2,1.6,3.3
2025-12-20,north,-0.5,-6.1,0.0,0.0
2025-12-21,north,1.0,-3.5,1.7,0.0
2025-12-22,north,0.9,-3.4,4.4,0.0
2025-12-23,north,4.5,0.4,3.0,0.0
2025-12-24,north,3.8,0.8,2.0,0.0
2025-12-25,north,1.0,-4.3,3.8,0.0
2025-12-26,north,-0.1,-2.8,1.3,1.2
2025-12-27,north,0.0,-2.6,0.0,0.0
2025-12-28,north,-0.3,-6.7,1.8,4.9
2025-12-29,north,1.7,-1.3,4.2,0.0
2025-12-30,north,-1.9,-7.9,2.4,2.7
2025-12-31,north,-0.6,-5.5,2.4,0.0
2025-01-01,central,3.3,-2.1,1.8,0.9
2025-01-02,central,1.8,-3.7,3.5,0.0
2025-01-03,central,3.6,-1.9,1.6,7.5
2025-01-04,central,4.8,-0.6,1.3,9.2
2025-01-05,central,6.0,1.8,0.5,0.0
2025-01-06,central,6.6,1.8,1.7,0.0
2025-01-07,central,6.5,1.6,3.6,1.5
2025-01-08,central,6.6,1.9,0.0,0.8
2025-01-09,central,7.7,4.1,3.6,0.0
2025-01-10,central,7.5,3.9,3.8,4.4
2025-01-11,central,5.1,2.4,2.1,0.0
2025-01-12,central,5.9,2.4,2.4,0.0
2025-01-13,central,3.4,-2.9,0.0,0.0
2025-01-14,central,4.1,0.7,3.6,0.0
2025-01-15,central,1.7,-0.9,0.0,0.0
2025-01-16,central,0.4,-2.3,1.5,0.0
2025-01-17,central,0.3,-3.0,0.0,0.2
2025-01-18,central,-0.2,-4.3,2.4,3.2
2025-01-19,central,0.2,-4.2,2.5,0.0
2025-01-20,central,-0.4,-6.6,1.3,0.0
2025-01-21,central,1.2,-3.3,3.7,4.1
2025-01-22,central,0.7,-5.7,0.0,3.8
2025-01-23,central,2.1,-4.3,0.0,0.9
2025-01-24,central,2.1,-3.8,1.9,0.0
2025-01-25,central,1.9,-0.7,1.5,0.0
2025-01-26,central,-0.0,-5.4,0.4,6.1
2025-01-27,central,2.3,-3.4,2.3,0.0
2025-01-28,central,5.3,2.7,3.7,0.7
2025-01-29,central,7.3,0.9,1.9,0.5
2025-01-30,central,5.7,2.9,1.3,0.0
2025-01-31,central,5.9,3.4,1.4,0.0
2025-02-01,central,7.1,4.3,0.0,0.0
2025-02-02,central,5.7,1.5,0.0,2.5
2025-02-03,central,3.1,-2.7,0.7,0.0
2025-02-04,central,5.1,-0.2,2.9,3.1
2025-02-05,central,3.7,-2.0,0.0,1.7
2025-02-06,central,4.5,-1.1,1.6,0.0
2025-02-07,central,3.8,-0.0,0.0,21.6
2025-02-08,central,1.6,-2.2,3.6,0.0
2025-02-09,central,4.3,0.1,3.2,1.0
2025-02-10,central,2.7,-3.6,1.6,1.7
2025-02-11,central,2.1,-2.6,2.3,0.0
2025-02-12,central,5.2,-1.1,2.1,9.6
2025-02-13,central,3.4,-2.1,1.7,6.6
2025-02-14,central,4.2,-1.7,0.9,0.0
2025-02-15,central,3.3,-1.5,2.4,0.0
2025-02-16,central,4.6,1.6,0.0,3.6
2025-02-17,central,3.4,-0.8,1.4,0.0
2025-02-18,central,4.3,0.6,2.1,1.8
2025-02-19,central,1.9,-0.6,0.0,0.0
2025-02-20,central,3.0,-1.1,1.1,0.0
2025-02-21,central,2.1,-1.0,1.4,0.0
2025-02-22,central,2.2,-1.7,0.5,2.8
2025-02-23,central,2.8,-1.8,2.3,0.0
2025-02-24,central,4.5,-0.4,0.8,0.0
2025-02-25,central,3.5,-0.9,2.2,0.0
2025-02-26,central,5.7,0.3,0.0,0.0
2025-02-27,central,4.2,0.6,2.5,0.0
2025-02-28,central,1.5,-3.8,4.0,0.0
2025-03-01,central,0.6,-3.7,0.0,0.5
2025-03-02,central,2.4,-4.1,2.6,0.0
2025-03-03,central,3.7,-2.1,2.5,0.0
2025-03-04,central,4.9,1.4,0.2,0.0
2025-03-05,central,3.1,-0.6,0.9,0.7
2025-03-06,central,3.9,0.8,0.1,0.0
2025-03-07,central,3.4,-1.3,3.3,0.0
2025-03-08,central,5.0,-0.6,0.1,1.4
2025-03-09,central,3.8,-2.5,0.4,0.0
2025-03-10,central,4.4,-1.8,0.6,3.2
2025-03-11,central,3.4,-2.4,4.9,5.4
2025-03-12,central,3.3,0.3,3.0,0.0
2025-03-13,central,3.5,-0.7,3.8,16.8
2025-03-14,central,1.4,-3.0,1.4,0.0
2025-03-15,central,1.7,-1.0,6.6,0.7
2025-03-16,central,3.7,-0.3,0.9,0.0
2025-03-17,central,6.4,0.8,0.9,0.0
2025-03-18,central,6.5,2.7,2.9,0.0
2025-03-19,central,5.3,0.9,4.4,0.0
2025-03-20,central,3.0,-0.1,1.1,0.1
2025-03-21,central,2.3,-3.9,5.4,0.0
2025-03-22,central,4.4,-0.5,3.6,0.0
2025-03-23,central,4.4,0.2,3.2,7.7
2025-03-24,central,6.7,2.1,5.6,0.5
2025-03-25,central,4.0,-2.2,5.6,0.0
2025-03-26,central,3.7,-1.8,2.2,1.4
2025-03-27,central,3.2,-2.0,4.9,0.0
2025-03-28,central,6.6,3.0,2.4,0.0
2025-03-29,central,4.8,1.7,2.9,0.0
2025-03-30,central,5.7,3.0,5.8,0.0
2025-03-31,central,8.0,4.9,0.0,0.0
2025-04-01,central,7.5,2.5,3.3,2.9
2025-04-02,central,7.3,2.7,1.7,0.0
2025-04-03,central,5.6,2.6,5.8,0.0
2025-04-04,central,9.0,4.5,5.6,0.0
2025-04-05,central,8.4,2.8,0.1,0.0
2025-04-06,central,6.4,2.3,2.1,0.0
2025-04-07,central,7.6,1.2,0.9,0.0
2025-04-08,central,8.0,3.0,7.5,0.0
2025-04-09,central,8.8,5.7,3.3,0.0
2025-04-10,central,9.4,6.3,1.9,0.0
2025-04-11,central,9.1,5.8,4.4,1.5
2025-04-12,central,8.8,5.0,5.9,0.0
2025-04-13,central,7.1,1.0,2.4,0.0
2025-04-14,central,9.9,3.5,6.7,0.0
2025-04-15,central,8.7,4.6,4.3,1.3
2025-04-16,central,8.6,5.2,6.5,0.9
2025-04-17,central,9.3,5.0,2.4,0.0
2025-04-18,central,11.8,7.0,6.9,0.0
2025-04-19,central,8.9,2.9,5.2,0.0
2025-04-20,central,10.0,6.9,5.5,0.0
2025-04-21,central,9.7,4.8,3.3,0.0
2025-04-22,central,12.0,7.1,0.3,0.1
2025-04-23,central,10.9,5.4,4.8,0.0
2025-04-24,central,10.7,5.4,5.8,5.1
2025-04-25,central,9.0,5.6,3.3,3.5
2025-04-26,central,7.6,4.7,2.7,0.0
2025-04-27,central,5.4,-1.0,5.4,0.0
2025-04-28,central,7.2,0.7,2.5,0.0
2025-04-29,central,6.7,1.0,4.0,0.0
2025-04-30,central,7.0,2.1,6.5,1.0
2025-05-01,central,8.7,3.5,6.2,0.0
2025-05-02,central,9.0,3.6,5.8,0.0
2025-05-03,central,8.3,5.5,5.0,0.0
2025-05-04,central,11.1,6.5,3.2,0.0
2025-05-05,central,13.0,9.9,7.7,0.0
2025-05-06,central,12.1,7.3,4.4,0.0
2025-05-07,central,13.0,10.4,7.5,0.0
2025-05-08,central,12.2,8.5,4.2,6.7
2025-05-09,central,12.6,9.6,5.2,4.5
2025-05-10,central,11.3,7.1,3.8,0.0
2025-05-11,central,12.8,7.8,4.1,0.0
2025-05-12,central,12.8,6.5,4.4,0.0
2025-05-13,central,14.0,10.7,8.2,5.3
2025-05-14,central,12.7,9.3,6.2,0.0
2025-05-15,central,11.9,6.6,7.3,0.0
2025-05-16,central,11.2,5.6,5.7,2.2
2025-05-17,central,11.0,5.3,5.2,0.0
2025-05-18,central,11.9,6.5,7.4,0.0
2025-05-19,central,11.7,7.8,8.8,7.3
2025-05-20,central,12.1,8.4,6.7,0.0
2025-05-21,central,11.6,5.9,6.8,0.0
2025-05-22,central,12.7,8.8,8.3,1.0
2025-05-23,central,13.4,8.1,7.4,0.0
2025-05-24,central,15.0,11.3,7.4,4.2
2025-05-25,central,15.2,11.4,6.5,10.0
2025-05-26,central,18.0,12.1,6.7,0.0
2025-05-27,central,16.3,13.1,7.4,0.0
2025-05-28,central,18.6,13.1,7.7,1.7
2025-05-29,central,17.5,11.4,6.0,0.0
2025-05-30,central,18.2,14.6,6.1,0.0
2025-05-31,central,17.4,12.7,6.8,4.1
2025-06-01,central,17.5,12.3,4.6,0.0
2025-06-02,central,16.5,12.7,7.2,0.0
2025-06-03,central,19.5,14.7,5.4,4.2
2025-06-04,central,19.3,14.8,7.7,0.0
2025-06-05,central,19.6,14.4,5.8,0.0
2025-06-06,central,17.6,14.0,7.3,1.0
2025-06-07,central,18.9,16.0,7.3,3.0
2025-06-08,central,17.9,11.9,7.9,0.0
2025-06-09,central,17.0,11.9,8.1,0.0
2025-06-10,central,15.3,11.7,6.8,0.0
2025-06-11,central,16.4,10.0,6.3,23.1
2025-06-12,central,17.4,12.6,9.4,3.6
2025-06-13,central,19.4,15.8,8.9,0.0
2025-06-14,central,17.6,12.3,6.2,3.5
2025-06-15,central,17.9,14.7,6.5,10.7
2025-06-16,central,20.1,16.3,8.1,2.7
2025-06-17,central,20.0,14.5,7.6,0.0
2025-06-18,central,20.2,14.8,0.4,0.0
2025-06-19,central,20.8,18.1,7.4,2.2
2025-06-20,central,20.0,16.7,10.0,0.4
2025-06-21,central,18.4,15.8,5.1,5.6
2025-06-22,central,16.0,12.8,7.2,0.0
2025-06-23,central,17.9,13.3,9.4,0.0
2025-06-24,central,18.4,12.1,7.9,4.4
2025-06-25,central,17.1,12.9,6.5,0.5
2025-06-26,central,16.6,12.5,10.1,0.3
2025-06-27,central,18.2,13.6,8.6,0.0
2025-06-28,central,17.0,11.4,5.2,1.7
2025-06-29,central,17.1,12.0,8.5,0.0
2025-06-30,central,17.4,12.1,4.8,5.2
2025-07-01,central,18.1,13.1,5.7,6.8
2025-07-02,central,17.3,14.8,7.8,10.4
2025-07-03,central,18.7,12.9,7.1,2.1
2025-07-04,central,18.5,12.2,6.9,2.6
2025-07-05,central,17.9,13.1,7.7,5.7
2025-07-06,central,17.3,13.0,8.2,8.1
2025-07-07,central,18.0,13.8,5.3,0.0
2025-07-08,central,17.5,11.1,8.2,0.0
2025-07-09,central,15.6,9.3,8.8,0.0
2025-07-10,central,16.9,12.4,8.4,7.9
2025-07-11,central,18.3,14.1,5.4,0.0
2025-07-12,central,15.9,13.2,7.1,14.9
2025-07-13,central,15.9,12.2,8.2,0.0
2025-07-14,central,18.2,12.4,7.9,5.5
2025-07-15,central,16.4,13.0,7.7,0.8
2025-07-16,central,17.6,13.2,8.0,0.0
2025-07-17,central,17.6,11.2,11.2,0.0
2025-07-18,central,17.0,12.3,6.1,0.0
2025-07-19,central,18.5,12.3,9.3,0.0
2025-07-20,central,18.0,15.4,6.5,0.0
2025-07-21,central,14.4,10.1,8.4,5.2
2025-07-22,central,17.7,11.5,7.8,1.9
2025-07-23,central,17.7,13.8,6.0,0.0
2025-07-24,central,16.7,11.7,8.3,0.0
2025-07-25,central,16.3,13.2,13.0,3.1
2025-07-26,central,16.1,12.3,7.5,3.2
2025-07-27,central,16.4,11.7,8.2,0.0
2025-07-28,central,16.6,12.2,9.2,3.4
2025-07-29,central,15.5,12.4,4.5,0.0
2025-07-30,central,16.1,11.8,9.0,9.4
2025-07-31,central,18.4,13.4,5.0,17.7
2025-08-01,central,20.5,15.6,6.2,3.6
2025-08-02,central,19.7,14.8,8.9,13.4
2025-08-03,central,20.3,17.4,6.6,0.0
2025-08-04,central,19.6,16.2,9.8,1.2
2025-08-05,central,19.6,14.1,4.8,0.0
2025-08-06,central,17.3,13.2,5.0,0.0
2025-08-07,central,18.1,11.9,11.0,3.9
2025-08-08,central,18.4,14.6,3.8,0.0
2025-08-09,central,17.9,13.0,4.6,6.5
2025-08-10,central,14.9,9.8,9.1,1.6
2025-08-11,central,14.8,9.1,8.2,0.0
2025-08-12,central,14.4,8.9,8.0,0.0
2025-08-13,central,15.4,11.3,8.6,0.0
2025-08-14,central,15.9,13.2,6.9,0.0
2025-08-15,central,15.8,13.3,11.3,0.0
2025-08-16,central,15.3,10.4,2.2,0.0
2025-08-17,central,15.7,9.2,7.0,0.0
2025-08-18,central,17.5,12.7,4.4,0.0
2025-08-19,central,18.2,13.1,7.5,0.0
2025-08-20,central,18.1,12.3,9.0,6.9
2025-08-21,central,16.1,9.9,9.9,0.0
2025-08-22,central,16.8,10.3,5.8,4.5
2025-08-23,central,18.0,13.9,6.2,3.2
2025-08-24,central,18.8,16.0,3.3,7.5
2025-08-25,central,19.5,15.8,9.3,0.9
2025-08-26,central,19.6,17.0,6.9,0.0
2025-08-27,central,20.8,18.0,5.4,0.0
2025-08-28,central,18.8,16.1,7.2,0.0
2025-08-29,central,17.0,10.6,1.0,0.0
2025-08-30,central,16.4,11.4,7.9,4.2
2025-08-31,central,16.1,12.8,4.8,14.2
2025-09-01,central,16.7,12.5,5.9,0.0
2025-09-02,central,15.3,10.7,5.5,0.0
2025-09-03,central,11.4,6.7,9.7,0.0
2025-09-04,central,11.8,6.6,6.6,0.8
2025-09-05,central,9.7,4.2,5.0,0.0
2025-09-06,central,12.6,8.8,5.5,0.0
2025-09-07,central,12.1,5.7,7.3,0.0
2025-09-08,central,11.9,8.3,3.5,2.5
2025-09-09,central,14.4,11.3,6.7,0.0
2025-09-10,central,15.1,11.7,5.3,0.0
2025-09-11,central,13.7,10.9,8.6,0.0
2025-09-12,central,11.7,5.8,7.0,0.0
2025-09-13,central,10.9,6.0,3.8,0.4
2025-09-14,central,12.0,6.7,7.1,0.0
2025-09-15,central,10.6,4.4,5.3,0.0
2025-09-16,central,11.3,8.6,5.9,3.3
2025-09-17,central,13.7,8.5,6.6,0.0
2025-09-18,central,12.1,6.9,6.6,1.7
2025-09-19,central,9.1,4.4,4.1,0.0
2025-09-20,central,11.1,5.7,7.4,0.0
2025-09-21,central,10.7,5.1,5.5,4.2
2025-09-22,central,12.0,7.5,5.9,13.2
2025-09-23,central,10.5,7.8,4.4,1.3
2025-09-24,central,12.1,6.3,5.2,0.0
2025-09-25,central,12.6,7.3,5.4,0.0
2025-09-26,central,15.3,9.9,9.3,0.0
2025-09-27,central,15.9,11.3,1.2,0.0
2025-09-28,central,17.6,14.6,6.4,0.0
2025-09-29,central,16.5,12.8,6.4,17.4
2025-09-30,central,15.3,12.4,7.6,1.1
2025-10-01,central,13.6,10.6,5.0,0.0
2025-10-02,central,12.7,9.6,4.9,0.0
2025-10-03,central,8.5,3.3,4.4,0.0
2025-10-04,central,7.5,4.0,8.1,5.2
2025-10-05,central,9.3,4.0,6.0,3.0
2025-10-06,central,12.9,9.2,3.2,0.0
2025-10-07,central,10.7,5.9,3.0,2.1
2025-10-08,central,8.8,2.5,4.6,0.0
2025-10-09,central,8.6,4.5,6.1,0.0
2025-10-10,central,11.7,8.1,5.3,0.0
2025-10-11,central,11.5,8.9,5.0,0.0
2025-10-12,central,10.6,7.4,6.0,17.0
2025-10-13,central,11.2,6.5,4.2,0.0
2025-10-14,central,12.5,6.6,8.2,1.0
2025-10-15,central,13.4,8.0,5.2,0.0
2025-10-16,central,12.3,7.9,3.9,0.0
2025-10-17,central,8.3,4.5,3.7,3.9
2025-10-18,central,9.5,6.3,8.4,0.0
2025-10-19,central,8.3,4.2,5.7,0.0
2025-10-20,central,8.7,6.0,3.8,0.0
2025-10-21,central,7.5,1.0,6.7,8.7
2025-10-22,central,12.1,6.6,6.6,0.6
2025-10-23,central,12.9,7.1,4.0,2.8
2025-10-24,central,10.9,7.8,3.9,0.0
2025-10-25,central,6.4,3.5,3.1,4.3
2025-10-26,central,7.9,5.2,5.6,0.0
2025-10-27,central,8.6,5.7,2.1,2.4
2025-10-28,central,8.1,2.8,6.3,0.7
2025-10-29,central,8.7,3.4,4.0,0.0
2025-10-30,central,7.2,3.5,2.4,5.2
2025-10-31,central,8.2,3.4,4.7,1.4
2025-11-01,central,10.0,6.1,6.5,0.4
2025-11-02,central,10.1,6.7,4.0,6.1
2025-11-03,central,13.1,8.6,2.4,0.0
2025-11-04,central,10.2,3.9,3.8,0.0
2025-11-05,central,10.6,4.5,4.6,7.3
2025-11-06,central,9.6,3.4,3.7,0.0
2025-11-07,central,8.1,3.3,5.2,0.0
2025-11-08,central,11.0,5.5,4.6,0.0
2025-11-09,central,9.1,3.0,0.0,1.6
2025-11-10,central,8.3,5.5,0.8,4.9
2025-11-11,central,10.5,6.2,5.5,0.0
2025-11-12,central,5.5,2.8,0.6,0.0
2025-11-13,central,4.8,2.2,2.1,0.3
2025-11-14,central,9.0,4.5,0.0,0.0
2025-11-15,central,8.4,2.1,5.3,0.0
2025-11-16,central,8.1,3.3,4.8,0.0
2025-11-17,central,8.0,5.4,3.6,1.7
2025-11-18,central,9.3,4.1,2.2,0.0
2025-11-19,central,6.9,2.0,1.1,0.0
2025-11-20,central,6.1,2.3,4.1,0.0
2025-11-21,central,6.5,3.3,4.4,0.0
2025-11-22,central,7.3,3.9,3.2,0.0
2025-11-23,central,7.3,3.0,0.8,0.0
2025-11-24,central,9.0,4.4,0.0,1.8
2025-11-25,central,5.1,-0.5,2.9,1.2
2025-11-26,central,3.7,-0.8,4.0,0.0
2025-11-27,central,4.3,1.7,2.4,0.0
2025-11-28,central,5.6,2.2,2.3,0.0
2025-11-29,central,9.3,4.2,3.4,1.9
2025-11-30,central,7.8,2.0,0.9,3.5
2025-12-01,central,7.9,5.1,0.0,0.0
2025-12-02,central,8.6,5.7,1.9,0.0
2025-12-03,central,7.0,1.2,1.3,0.0
2025-12-04,central,2.9,-2.0,3.1,0.0
2025-12-05,central,1.1,-2.9,3.4,0.0
2025-12-06,central,1.3,-2.5,3.8,0.0
2025-12-07,central,0.8,-5.2,3.4,0.0
2025-12-08,central,1.2,-2.7,0.9,0.4
2025-12-09,central,1.7,-4.3,0.0,3.3
2025-12-10,central,2.5,-0.4,2.4,8.3
2025-12-11,central,3.2,-0.9,4.1,0.0
2025-12-12,central,3.5,-2.3,3.9,0.0
2025-12-13,central,5.8,-0.5,1.9,0.0
2025-12-14,central,4.9,-0.9,1.1,5.1
2025-12-15,central,7.4,4.3,0.4,0.0
2025-12-16,central,7.4,2.7,0.0,0.0
2025-12-17,central,6.6,2.7,0.9,5.1
2025-12-18,central,3.5,-0.2,2.9,12.4
2025-12-19,central,3.3,-2.8,0.0,1.9
2025-12-20,central,3.0,-0.2,3.4,1.1
2025-12-21,central,3.3,-2.9,1.4,0.0
2025-12-22,central,4.5,-1.0,0.5,0.4
2025-12-23,central,3.5,-2.4,5.0,3.1
2025-12-24,central,3.2,-1.2,1.6,0.0
2025-12-25,central,3.7,-0.6,1.7,6.2
2025-12-26,central,6.0,3.2,0.0,0.0
2025-12-27,central,6.0,3.0,0.0,0.0
2025-12-28,central,5.5,3.0,0.0,16.3
2025-12-29,central,3.4,-1.1,0.4,0.0
2025-12-30,central,3.4,-2.7,0.0,0.0
2025-12-31,central,4.4,1.4,0.1,1.4
2025-01-01,south,4.3,-1.3,1.7,0.0
2025-01-02,south,3.1,-2.2,2.7,2.0
2025-01-03,south,0.5,-4.3,4.4,0.0
2025-01-04,south,1.0,-2.0,1.2,0.6
2025-01-05,south,5.7,-0.3,1.1,0.0
2025-01-06,south,4.1,0.3,1.9,0.5
2025-01-07,south,4.8,-1.0,3.0,0.0
2025-01-08,south,5.7,1.4,5.5,0.0
2025-01-09,south,3.1,-2.5,0.2,0.0
2025-01-10,south,1.4,-2.9,0.9,0.0
2025-01-11,south,0.1,-4.1,2.5,1.6
2025-01-12,south,1.1,-3.2,0.0,0.0
2025-01-13,south,1.7,-2.4,1.1,5.5
2025-01-14,south,2.1,-3.8,2.7,0.0
2025-01-15,south,2.0,-3.6,3.9,0.0
2025-01-16,south,2.0,-1.6,2.2,5.5
2025-01-17,south,3.6,0.7,0.6,3.1
2025-01-18,south,3.8,1.2,4.6,0.0
2025-01-19,south,0.8,-2.6,5.1,0.0
2025-01-20,south,-0.0,-4.4,2.9,16.4
2025-01-21,south,-1.0,-3.8,2.1,0.3
2025-01-22,south,1.8,-1.1,1.7,0.0
2025-01-23,south,3.7,-1.6,1.8,0.0
2025-01-24,south,4.0,-1.0,1.2,5.9
2025-01-25,south,3.9,-0.5,4.7,2.2
2025-01-26,south,4.4,-1.9,0.0,0.0
2025-01-27,south,7.2,4.6,1.8,1.7
2025-01-28,south,6.8,1.7,0.6,0.0
2025-01-29,south,5.2,-0.0,2.9,0.0
2025-01-30,south,5.0,0.9,1.2,0.0
2025-01-31,south,3.9,-1.2,1.9,0.0
2025-02-01,south,5.5,-0.3,0.1,3.3
2025-02-02,south,4.9,-0.4,1.6,0.0
2025-02-03,south,8.1,5.3,2.2,0.0
2025-02-04,south,4.5,0.5,2.7,0.0
2025-02-05,south,3.7,0.4,2.3,1.9
2025-02-06,south,4.3,-1.6,2.0,0.0
2025-02-07,south,4.8,1.4,4.0,0.0
2025-02-08,south,8.2,4.4,2.0,0.0
2025-02-09,south,4.9,-0.6,5.1,0.0
2025-02-10,south,5.1,2.4,1.8,0.0
2025-02-11,south,5.7,2.1,4.1,2.0
2025-02-12,south,3.3,-2.5,0.6,0.0
2025-02-13,south,3.8,-0.6,3.2,6.5
2025-02-14,south,3.4,-2.7,3.2,0.0
2025-02-15,south,0.9,-4.4,4.6,1.2
2025-02-16,south,1.0,-4.2,1.1,0.4
2025-02-17,south,3.8,-1.0,2.5,9.9
2025-02-18,south,3.9,1.2,4.3,0.0
2025-02-19,south,0.7,-3.9,4.5,0.0
2025-02-20,south,3.6,-2.9,0.0,0.0
2025-02-21,south,0.9,-4.1,0.8,5.2
2025-02-22,south,3.0,0.3,1.8,8.2
2025-02-23,south,2.4,-3.4,1.4,0.0
2025-02-24,south,2.9,-1.1,1.6,0.0
2025-02-25,south,4.6,-1.2,0.0,0.0
2025-02-26,south,1.3,-2.1,4.3,0.0
2025-02-27,south,2.0,-2.8,0.0,0.0
2025-02-28,south,0.6,-4.7,2.8,0.0
2025-03-01,south,3.5,-2.8,0.0,0.0
2025-03-02,south,5.4,0.2,0.0,0.0
2025-03-03,south,6.4,3.0,2.3,0.0
2025-03-04,south,6.0,1.0,1.2,0.0
2025-03-05,south,5.7,2.4,2.6,0.0
2025-03-06,south,4.3,-1.8,3.3,1.3
2025-03-07,south,4.0,-1.7,3.9,3.3
2025-03-08,south,3.1,-1.7,4.2,0.0
2025-03-09,south,3.6,-1.6,3.4,0.7
2025-03-10,south,6.8,1.8,3.3,1.5
2025-03-11,south,5.4,2.2,4.7,0.0
2025-03-12,south,4.7,-1.0,4.4,3.1
2025-03-13,south,7.6,4.0,0.9,0.0
2025-03-14,south,5.5,1.2,0.0,0.0
2025-03-15,south,3.6,-0.8,4.2,0.0
2025-03-16,south,3.9,-1.5,0.1,2.1
2025-03-17,south,0.6,-3.2,3.0,0.0
2025-03-18,south,4.1,0.3,1.8,0.0
2025-03-19,south,5.0,1.1,3.4,4.2
2025-03-20,south,5.1,0.9,4.8,0.0
2025-03-21,south,5.4,0.0,3.6,3.0
2025-03-22,south,5.5,-0.6,6.1,0.0
2025-03-23,south,5.5,1.6,2.9,3.0
2025-03-24,south,7.3,2.9,0.4,4.0
2025-03-25,south,7.5,2.7,3.0,0.0
2025-03-26,south,8.8,4.2,4.8,0.0
2025-03-27,south,8.2,4.1,1.7,0.0
2025-03-28,south,8.8,5.5,2.5,0.0
2025-03-29,south,7.4,1.5,5.3,8.0
2025-03-30,south,7.4,2.5,2.8,0.0
2025-03-31,south,8.9,3.8,4.5,0.0
2025-04-01,south,6.2,1.4,5.3,3.9
2025-04-02,south,7.7,1.4,1.4,0.0
2025-04-03,south,13.6,7.5,4.3,1.8
2025-04-04,south,12.2,6.5,2.5,6.5
2025-04-05,south,10.4,6.3,5.8,9.3
2025-04-06,south,10.1,5.9,6.5,1.3
2025-04-07,south,6.0,0.5,5.0,6.8
2025-04-08,south,7.9,1.4,2.0,0.0
2025-04-09,south,8.9,2.4,3.6,0.0
2025-04-10,south,9.7,3.9,3.7,0.0
2025-04-11,south,11.0,5.9,3.6,0.0
2025-04-12,south,11.2,5.3,3.6,0.0
2025-04-13,south,12.3,9.4,7.8,0.0
2025-04-14,south,11.1,7.1,5.4,0.0
2025-04-15,south,9.9,6.1,5.2,0.2
2025-04-16,south,8.7,5.4,5.1,0.0
2025-04-17,south,10.7,5.0,6.9,6.7
2025-04-18,south,10.3,5.2,3.6,0.0
2025-04-19,south,10.4,3.9,5.6,0.0
2025-04-20,south,10.7,4.7,7.3,0.0
2025-04-21,south,12.3,8.1,6.7,0.0
2025-04-22,south,10.9,8.3,5.7,0.0
2025-04-23,south,11.1,6.8,6.1,6.6
2025-04-24,south,13.0,7.1,4.7,2.6
2025-04-25,south,11.4,7.2,5.3,0.0
2025-04-26,south,11.1,5.1,5.7,0.0
2025-04-27,south,12.3,6.1,8.4,3.9
2025-04-28,south,10.3,6.5,7.3,0.9
2025-04-29,south,11.3,4.9,5.8,0.0
2025-04-30,south,11.6,8.4,4.5,0.0
2025-05-01,south,11.1,6.7,2.5,0.0
2025-05-02,south,10.1,6.1,2.5,10.3
2025-05-03,south,9.7,5.9,5.5,0.0
2025-05-04,south,10.2,4.9,7.2,0.0
2025-05-05,south,11.9,5.4,9.9,0.6
2025-05-06,south,16.3,11.3,7.8,0.0
2025-05-07,south,18.3,14.5,6.0,0.0
2025-05-08,south,15.3,11.0,6.7,0.0
2025-05-09,south,15.0,12.2,6.6,0.0
2025-05-10,south,12.7,6.5,7.3,0.0
2025-05-11,south,12.3,6.0,8.6,1.6
2025-05-12,south,11.3,7.1,8.2,0.0
2025-05-13,south,11.6,8.0,6.8,1.0
2025-05-14,south,13.2,10.4,9.6,1.4
2025-05-15,south,13.9,10.8,5.4,0.0
2025-05-16,south,15.5,11.9,4.5,0.0
2025-05-17,south,15.2,12.7,7.1,0.0
2025-05-18,south,17.0,11.4,7.8,4.1
2025-05-19,south,18.1,14.6,7.9,0.0
2025-05-20,south,17.1,12.6,6.0,13.0
2025-05-21,south,16.3,12.2,6.5,5.2
2025-05-22,south,15.1,9.6,6.1,0.0
2025-05-23,south,14.4,10.6,5.2,3.1
2025-05-24,south,14.7,9.7,6.6,4.3
2025-05-25,south,17.3,12.5,7.3,3.5
2025-05-26,south,17.4,14.4,5.0,0.0
2025-05-27,south,15.8,10.2,11.4,3.2
2025-05-28,south,14.5,11.6,6.3,2.4
2025-05-29,south,15.5,12.8,7.5,6.0
2025-05-30,south,15.0,10.2,8.5,4.1
2025-05-31,south,13.1,9.4,8.8,0.9
2025-06-01,south,14.5,11.1,5.6,0.0
2025-06-02,south,13.2,10.0,7.2,0.0
2025-06-03,south,12.8,8.0,6.5,4.4
2025-06-04,south,12.1,8.3,5.9,1.6
2025-06-05,south,14.3,11.1,7.2,1.0
2025-06-06,south,17.0,11.2,6.0,0.0
2025-06-07,south,17.2,12.5,6.4,5.3
2025-06-08,south,17.1,10.6,6.9,0.0
2025-06-09,south,14.8,12.3,7.6,0.0
2025-06-10,south,17.2,10.9,7.4,5.2
2025-06-11,south,17.9,12.7,5.2,4.4
2025-06-12,south,17.5,13.7,12.0,2.6
2025-06-13,south,15.4,11.5,5.1,0.3
2025-06-14,south,15.9,13.2,5.3,0.0
2025-06-15,south,17.5,11.4,11.1,0.0
2025-06-16,south,18.3,13.7,7.5,0.0
2025-06-17,south,17.5,13.4,8.3,2.6
2025-06-18,south,16.9,11.4,8.9,0.0
2025-06-19,south,14.2,11.1,8.6,5.4
2025-06-20,south,14.0,8.9,6.0,0.0
2025-06-21,south,14.4,10.4,9.1,0.0
2025-06-22,south,16.7,12.7,10.8,0.0
2025-06-23,south,17.4,14.6,8.8,0.0
2025-06-24,south,18.9,16.1,7.9,8.2
2025-06-25,south,18.6,15.1,7.9,2.9
2025-06-26,south,19.1,14.5,5.0,0.0
2025-06-27,south,20.5,16.2,8.7,4.5
2025-06-28,south,22.7,19.4,9.7,0.0
2025-06-29,south,19.1,16.1,12.2,0.0
2025-06-30,south,19.1,13.7,9.9,1.8
2025-07-01,south,20.0,14.6,6.2,0.8
2025-07-02,south,20.7,15.0,6.2,13.1
2025-07-03,south,20.8,15.2,8.4,0.0
2025-07-04,south,20.0,15.1,5.3,8.0
2025-07-05,south,19.8,16.4,9.7,0.0
2025-07-06,south,21.1,17.3,6.2,3.2
2025-07-07,south,21.0,16.8,10.2,0.0
2025-07-08,south,22.3,17.1,5.8,0.0
2025-07-09,south,17.4,13.8,12.2,0.0
2025-07-10,south,18.4,15.4,8.3,7.8
2025-07-11,south,19.5,13.2,11.0,0.0
2025-07-12,south,20.6,16.8,7.5,0.0
2025-07-13,south,21.1,16.8,8.1,2.1
2025-07-14,south,25.2,20.8,7.5,0.0
2025-07-15,south,23.7,19.9,9.1,1.9
2025-07-16,south,24.6,19.3,9.6,0.0
2025-07-17,south,25.0,22.2,8.1,0.0
2025-07-18,south,23.9,19.4,7.4,0.0
2025-07-19,south,21.5,15.1,6.2,0.0
2025-07-20,south,22.3,16.1,9.0,0.0
2025-07-21,south,23.7,17.9,8.0,0.0
2025-07-22,south,20.5,16.8,9.2,0.0
2025-07-23,south,18.0,12.1,8.5,0.9
2025-07-24,south,18.9,13.4,8.7,0.0
2025-07-25,south,18.3,13.4,6.0,8.3
2025-07-26,south,16.7,14.2,7.1,0.0
2025-07-27,south,17.3,12.6,7.9,0.0
2025-07-28,south,17.9,11.8,4.5,0.0
2025-07-29,south,18.4,14.1,11.5,0.9
2025-07-30,south,18.1,13.8,11.1,5.8
2025-07-31,south,18.5,14.7,12.0,6.1
2025-08-01,south,16.6,12.4,5.5,4.2
2025-08-02,south,17.4,14.0,7.2,1.1
2025-08-03,south,17.9,11.8,10.9,0.0
2025-08-04,south,18.2,11.8,10.5,0.0
2025-08-05,south,17.3,13.1,9.9,0.0
2025-08-06,south,20.1,16.0,9.5,0.0
2025-08-07,south,18.5,12.2,8.0,0.0
2025-08-08,south,20.6,15.6,6.3,0.0
2025-08-09,south,21.9,17.2,7.2,10.5
2025-08-10,south,21.1,17.8,10.2,3.1
2025-08-11,south,21.9,18.2,5.5,0.0
2025-08-12,south,21.1,14.9,8.0,0.0
2025-08-13,south,20.1,17.4,5.8,9.8
2025-08-14,south,21.6,15.4,7.4,0.0
2025-08-15,south,20.9,18.2,10.4,0.0
2025-08-16,south,21.1,17.3,8.1,0.0
2025-08-17,south,19.2,14.8,6.8,0.0
2025-08-18,south,19.1,16.4,9.5,0.0
2025-08-19,south,19.4,16.6,6.5,0.0
2025-08-20,south,18.7,14.3,4.9,4.0
2025-08-21,south,17.2,12.8,7.9,0.0
2025-08-22,south,16.8,12.7,9.9,7.0
2025-08-23,south,16.7,12.2,8.2,8.1
2025-08-24,south,17.3,13.6,7.5,7.1
2025-08-25,south,18.4,14.3,12.5,0.0
2025-08-26,south,17.7,14.3,7.6,0.0
2025-08-27,south,16.6,10.9,7.6,0.0
2025-08-28,south,16.9,11.2,6.6,0.0
2025-08-29,south,16.5,10.3,6.2,0.0
2025-08-30,south,15.7,9.3,6.7,3.6
2025-08-31,south,17.5,11.9,7.6,0.0
2025-09-01,south,19.3,15.5,1.3,0.0
2025-09-02,south,20.0,13.8,5.6,0.0
2025-09-03,south,15.9,9.4,6.7,0.0
2025-09-04,south,16.2,12.6,6.5,2.6
2025-09-05,south,15.9,11.9,10.1,14.2
2025-09-06,south,18.7,13.0,6.9,2.3
2025-09-07,south,17.1,11.9,5.2,0.0
2025-09-08,south,16.8,12.8,6.4,13.1
2025-09-09,south,18.6,16.0,6.5,4.4
2025-09-10,south,17.9,12.3,8.2,0.0
2025-09-11,south,18.2,15.5,7.1,0.0
2025-09-12,south,18.9,13.6,6.2,6.0
2025-09-13,south,19.8,16.2,8.3,6.0
2025-09-14,south,20.0,17.0,4.9,2.7
2025-09-15,south,18.6,12.9,7.8,1.0
2025-09-16,south,18.2,14.0,5.8,6.4
2025-09-17,south,16.8,12.1,7.3,7.5
2025-09-18,south,15.8,11.1,3.4,5.6
2025-09-19,south,17.2,11.2,7.9,0.0
2025-09-20,south,16.3,11.8,5.2,0.0
2025-09-21,south,12.8,6.5,5.8,0.0
2025-09-22,south,13.8,9.8,9.4,0.0
2025-09-23,south,12.9,7.4,7.6,0.0
2025-09-24,south,13.8,10.1,6.7,0.0
2025-09-25,south,12.9,9.3,6.8,0.0
2025-09-26,south,13.2,8.0,7.7,0.0
2025-09-27,south,15.4,9.5,7.9,7.7
2025-09-28,south,14.3,11.6,6.3,0.0
2025-09-29,south,13.6,11.0,9.1,15.9
2025-09-30,south,14.2,10.3,5.9,7.2
2025-10-01,south,12.4,6.3,9.0,0.0
2025-10-02,south,11.2,8.6,8.3,0.0
2025-10-03,south,13.9,8.5,7.4,0.0
2025-10-04,south,15.4,11.7,6.4,2.6
2025-10-05,south,14.0,8.8,4.8,0.0
2025-10-06,south,13.8,10.1,6.6,8.6
2025-10-07,south,13.2,7.2,6.0,0.0
2025-10-08,south,11.5,7.8,7.2,4.1
2025-10-09,south,10.8,5.9,3.7,3.3
2025-10-10,south,10.5,5.1,4.5,3.1
2025-10-11,south,11.2,8.1,3.1,0.0
2025-10-12,south,12.3,8.9,7.6,0.0
2025-10-13,south,14.0,7.9,2.4,0.3
2025-10-14,south,14.1,8.3,7.3,0.0
2025-10-15,south,14.6,11.8,6.1,0.0
2025-10-16,south,12.6,7.2,6.8,0.0
2025-10-17,south,11.5,8.3,3.5,19.7
2025-10-18,south,11.6,8.9,6.9,1.8
2025-10-19,south,10.1,3.9,3.2,12.5
2025-10-20,south,7.5,1.5,5.4,0.0
2025-10-21,south,10.3,4.8,7.4,9.6
2025-10-22,south,8.5,2.6,4.5,3.4
2025-10-23,south,11.3,7.6,6.7,0.0
2025-10-24,south,12.9,10.2,4.6,0.0
2025-10-25,south,12.4,7.4,3.9,0.0
2025-10-26,south,10.1,6.4,4.5,0.0
2025-10-27,south,7.0,2.7,7.3,0.0
2025-10-28,south,6.1,0.4,2.9,8.9
2025-10-29,south,7.1,2.4,5.2,0.0
2025-10-30,south,10.2,7.2,4.7,0.0
2025-10-31,south,8.8,2.5,5.5,0.8
2025-11-01,south,10.0,4.2,5.3,0.0
2025-11-02,south,9.4,5.8,4.2,0.0
2025-11-03,south,9.3,6.5,5.3,0.0
2025-11-04,south,8.8,4.7,6.3,0.9
2025-11-05,south,9.7,4.1,5.5,0.0
2025-11-06,south,8.9,3.5,7.2,0.0
2025-11-07,south,8.9,4.1,2.5,0.0
2025-11-08,south,7.9,2.3,6.5,0.0
2025-11-09,south,7.4,4.3,3.1,0.0
2025-11-10,south,10.8,5.8,2.5,5.9
2025-11-11,south,11.5,5.5,3.8,0.0
2025-11-12,south,11.5,5.6,2.4,0.0
2025-11-13,south,6.9,1.4,7.8,0.0
2025-11-14,south,4.9,-0.9,5.1,2.9
2025-11-15,south,5.8,2.9,0.8,0.0
2025-11-16,south,5.6,-0.4,3.5,0.0
2025-11-17,south,4.5,-0.8,7.8,5.8
2025-11-18,south,4.4,-0.5,2.3,0.0
2025-11-19,south,5.6,1.6,2.7,0.0
2025-11-20,south,8.6,5.8,3.9,3.3
2025-11-21,south,6.5,1.6,3.4,0.0
2025-11-22,south,7.0,0.7,2.4,0.0
2025-11-23,south,7.4,3.2,1.9,3.4
2025-11-24,south,6.0,1.4,1.6,5.8
2025-11-25,south,8.1,2.0,0.0,0.0
2025-11-26,south,8.5,2.7,0.8,0.0
2025-11-27,south,7.0,3.8,3.2,9.0
2025-11-28,south,8.5,2.5,2.5,0.0
2025-11-29,south,7.5,2.0,3.7,0.0
2025-11-30,south,7.9,2.6,5.4,0.0
2025-12-01,south,6.4,2.1,4.0,0.0
2025-12-02,south,7.7,3.7,6.5,0.0
2025-12-03,south,8.2,3.2,4.8,0.0
2025-12-04,south,8.0,2.9,4.2,0.0
2025-12-05,south,8.8,4.4,3.7,0.0
2025-12-06,south,7.5,4.6,3.8,1.9
2025-12-07,south,5.4,0.0,1.7,0.0
2025-12-08,south,5.3,-0.1,2.0,0.0
2025-12-09,south,5.5,2.1,0.0,0.0
2025-12-10,south,5.5,0.4,2.4,0.6
2025-12-11,south,4.6,1.1,5.3,0.0
2025-12-12,south,3.5,-1.1,3.9,0.0
2025-12-13,south,5.5,2.6,0.0,0.0
2025-12-14,south,3.2,-3.2,3.5,7.3
2025-12-15,south,3.4,0.1,2.3,0.0
2025-12-16,south,4.4,1.6,2.8,0.0
2025-12-17,south,3.9,0.2,4.4,0.0
2025-12-18,south,3.9,1.4,2.9,1.5
2025-12-19,south,5.0,2.3,2.3,4.8
2025-12-20,south,4.6,0.2,2.3,14.3
2025-12-21,south,2.7,0.1,1.8,0.0
2025-12-22,south,3.7,-0.5,2.4,0.0
2025-12-23,south,3.5,-0.7,3.9,5.1
2025-12-24,south,3.6,-1.7,2.0,0.5
2025-12-25,south,4.5,-1.1,4.0,0.0
2025-12-26,south,3.1,-3.1,0.4,0.0
2025-12-27,south,4.4,0.5,3.4,7.3
2025-12-28,south,3.9,-1.7,1.5,5.7
2025-12-29,south,4.3,-2.1,2.3,0.0
2025-12-30,south,4.5,-0.6,6.3,0.0
2025-12-31,south,4.7,-0.3,0.0,0.0
2025-01-01,coast,5.7,2.7,1.0,4.7
2025-01-02,coast,5.2,0.2,1.9,2.3
2025-01-03,coast,5.1,-0.5,1.1,0.0
2025-01-04,coast,5.6,2.6,0.0,0.0
2025-01-05,coast,5.2,0.5,3.4,0.0
2025-01-06,coast,6.5,3.9,0.5,0.0
2025-01-07,coast,5.0,0.6,0.0,0.0
2025-01-08,coast,3.7,0.6,0.5,5.2
2025-01-09,coast,3.6,-0.3,2.7,4.9
2025-01-10,coast,2.2,-0.7,1.8,1.9
2025-01-11,coast,2.0,-1.4,2.9,0.0
2025-01-12,coast,2.2,-1.2,1.7,0.0
2025-01-13,coast,3.9,-0.1,0.9,0.0
2025-01-14,coast,3.9,-1.4,0.0,11.0
2025-01-15,coast,2.9,-0.1,1.2,1.0
2025-01-16,coast,5.9,3.4,2.2,0.0
2025-01-17,coast,6.4,0.3,2.4,0.0
2025-01-18,coast,5.3,0.3,0.4,6.3
2025-01-19,coast,6.2,1.9,2.2,0.0
2025-01-20,coast,7.4,2.5,0.1,5.0
2025-01-21,coast,6.6,1.4,0.6,8.1
2025-01-22,coast,8.1,1.8,2.8,0.0
2025-01-23,coast,10.3,7.7,0.0,5.3
2025-01-24,coast,8.9,3.4,1.4,0.0
2025-01-25,coast,8.3,4.7,3.1,0.0
2025-01-26,coast,6.3,3.2,0.0,0.8
2025-01-27,coast,5.8,1.6,0.7,2.9
2025-01-28,coast,7.1,2.3,0.0,4.2
2025-01-29,coast,6.5,3.7,0.0,6.0
2025-01-30,coast,6.2,0.0,0.0,0.0
2025-01-31,coast,6.0,3.0,1.2,0.0
2025-02-01,coast,3.1,-1.3,0.2,0.0
2025-02-02,coast,2.2,-2.0,0.6,0.0
2025-02-03,coast,1.8,-1.3,2.7,0.0
2025-02-04,coast,2.2,-3.1,0.7,0.0
2025-02-05,coast,0.8,-4.6,5.0,1.2
2025-02-06,coast,1.1,-3.2,3.4,0.0
2025-02-07,coast,2.7,-2.2,5.9,0.0
2025-02-08,coast,3.7,-0.5,0.4,3.6
2025-02-09,coast,4.8,1.4,0.8,0.0
2025-02-10,coast,4.4,-1.5,2.1,1.2
2025-02-11,coast,5.6,1.1,2.4,9.7
2025-02-12,coast,8.6,5.2,1.4,0.0
2025-02-13,coast,6.9,0.4,2.0,0.0
2025-02-14,coast,5.3,0.3,2.9,2.9
2025-02-15,coast,6.1,2.3,0.0,0.0
2025-02-16,coast,8.8,3.4,1.4,0.0
2025-02-17,coast,9.7,6.1,2.5,0.4
2025-02-18,coast,10.7,5.7,0.0,1.0
2025-02-19,coast,8.6,5.7,2.5,7.9
2025-02-20,coast,7.4,4.7,0.0,0.0
2025-02-21,coast,7.1,0.9,0.8,0.0
2025-02-22,coast,4.9,-1.1,2.1,0.9
2025-02-23,coast,5.5,0.1,0.0,0.0
2025-02-24,coast,6.7,2.9,2.4,0.0
2025-02-25,coast,5.4,-0.0,0.9,10.4
2025-02-26,coast,6.5,0.2,4.2,3.8
2025-02-27,coast,5.5,0.9,4.4,0.2
2025-02-28,coast,8.0,4.5,0.2,0.0
2025-03-01,coast,8.4,5.0,8.3,0.0
2025-03-02,coast,7.7,4.2,4.2,0.0
2025-03-03,coast,9.5,3.6,3.1,2.3
2025-03-04,coast,8.2,3.7,4.5,0.0
2025-03-05,coast,7.9,2.4,0.0,8.9
2025-03-06,coast,6.5,3.6,1.2,0.0
2025-03-07,coast,8.4,2.5,0.0,0.0
2025-03-08,coast,9.1,4.0,3.0,5.7
2025-03-09,coast,9.0,5.9,4.4,1.9
2025-03-10,coast,8.9,5.0,4.8,0.5
2025-03-11,coast,9.8,5.1,4.7,0.0
2025-03-12,coast,9.0,3.7,4.6,0.0
2025-03-13,coast,8.4,4.3,2.8,3.9
2025-03-14,coast,7.9,4.5,4.0,0.0
2025-03-15,coast,9.3,4.2,1.0,1.0
2025-03-16,coast,8.4,3.3,4.7,0.0
2025-03-17,coast,5.2,-1.1,5.1,0.0
2025-03-18,coast,4.6,-0.1,1.1,0.0
2025-03-19,coast,6.0,0.7,4.4,2.4
2025-03-20,coast,6.8,3.4,0.0,0.7
2025-03-21,coast,10.8,7.6,0.8,0.0
2025-03-22,coast,9.9,4.7,4.3,8.2
2025-03-23,coast,10.3,5.9,2.9,6.4
2025-03-24,coast,8.4,5.0,0.0,0.0
2025-03-25,coast,7.2,4.2,2.7,5.2
2025-03-26,coast,8.8,4.9,2.5,8.8
2025-03-27,coast,8.9,4.8,3.0,11.0
2025-03-28,coast,8.2,3.0,4.9,0.0
2025-03-29,coast,9.9,5.2,0.2,0.0
2025-03-30,coast,10.7,7.2,1.9,0.0
2025-03-31,coast,11.5,8.2,2.8,0.0
2025-04-01,coast,11.7,6.8,5.1,0.0
2025-04-02,coast,11.1,7.8,5.2,0.0
2025-04-03,coast,14.4,8.4,3.3,0.0
2025-04-04,coast,13.2,9.7,2.6,3.1
2025-04-05,coast,11.9,8.8,0.1,0.0
2025-04-06,coast,12.3,7.0,2.9,0.0
2025-04-07,coast,11.2,7.2,3.4,1.4
2025-04-08,coast,13.2,7.3,4.8,0.0
2025-04-09,coast,11.7,6.3,4.0,1.1
2025-04-10,coast,13.0,8.3,1.6,0.0
2025-04-11,coast,13.0,8.0,3.9,0.0
2025-04-12,coast,10.6,6.4,4.9,0.0
2025-04-13,coast,13.3,8.8,3.9,0.0
2025-04-14,coast,11.8,6.3,6.3,0.0
2025-04-15,coast,13.2,7.5,6.3,0.0
2025-04-16,coast,12.3,8.0,5.0,0.0
2025-04-17,coast,10.4,4.9,2.8,0.0
2025-04-18,coast,9.6,4.0,3.3,0.0
2025-04-19,coast,11.1,4.8,6.1,0.0
2025-04-20,coast,12.4,8.7,2.0,0.0
2025-04-21,coast,13.7,8.8,5.6,0.0
2025-04-22,coast,10.0,5.9,3.1,1.2
2025-04-23,coast,10.6,6.1,6.8,0.0
2025-04-24,coast,9.1,3.2,3.7,0.4
2025-04-25,coast,10.7,5.5,7.0,0.0
2025-04-26,coast,11.0,7.7,5.6,2.0
2025-04-27,coast,14.6,8.7,3.0,0.0
2025-04-28,coast,12.6,7.5,7.1,12.7
2025-04-29,coast,11.5,8.5,6.5,0.0
2025-04-30,coast,13.6,10.2,3.7,0.0
2025-05-01,coast,12.5,8.1,6.2,0.0
2025-05-02,coast,10.4,6.3,3.8,0.0
2025-05-03,coast,12.6,6.7,6.1,0.0
2025-05-04,coast,14.0,9.8,5.9,0.0
2025-05-05,coast,16.1,12.4,2.7,0.0
2025-05-06,coast,17.0,12.5,4.9,0.0
2025-05-07,coast,16.4,10.5,8.6,0.0
2025-05-08,coast,17.7,13.0,4.6,0.0
2025-05-09,coast,15.6,11.0,3.5,2.7
2025-05-10,coast,12.3,6.9,4.4,0.0
2025-05-11,coast,12.1,8.7,5.2,0.0
2025-05-12,coast,12.6,7.3,5.4,0.0
2025-05-13,coast,14.6,12.0,8.3,1.1
2025-05-14,coast,12.0,9.4,7.4,0.0
2025-05-15,coast,13.9,10.9,7.1,3.9
2025-05-16,coast,13.3,8.1,1.9,0.0
2025-05-17,coast,14.9,9.9,5.0,0.0
2025-05-18,coast,15.5,11.6,7.2,0.4
2025-05-19,coast,17.3,14.2,7.1,6.6
2025-05-20,coast,17.1,13.0,2.8,0.0
2025-05-21,coast,16.3,13.1,4.4,0.0
2025-05-22,coast,13.9,10.8,5.3,0.0
2025-05-23,coast,13.5,7.9,8.4,0.0
2025-05-24,coast,15.4,12.5,7.5,0.0
2025-05-25,coast,15.2,8.9,7.6,10.8
2025-05-26,coast,13.9,7.5,6.1,5.0
2025-05-27,coast,12.6,9.0,8.7,2.9
2025-05-28,coast,11.5,6.1,5.4,6.0
2025-05-29,coast,13.5,9.9,6.9,0.0
2025-05-30,coast,15.0,11.2,4.7,0.0
2025-05-31,coast,14.8,11.0,10.7,0.0
2025-06-01,coast,15.8,9.4,6.8,3.2
2025-06-02,coast,16.2,10.2,6.5,0.0
2025-06-03,coast,15.0,10.4,4.2,0.0
2025-06-04,coast,14.6,10.5,7.1,5.2
2025-06-05,coast,15.0,11.3,6.3,1.4
2025-06-06,coast,14.2,10.9,7.3,0.0
2025-06-07,coast,14.0,11.3,4.6,4.8
2025-06-08,coast,13.6,7.2,6.0,0.0
2025-06-09,coast,15.3,12.5,7.5,2.2
2025-06-10,coast,13.7,8.5,8.2,0.0
2025-06-11,coast,11.6,7.3,7.6,0.0
2025-06-12,coast,13.6,9.2,4.8,0.0
2025-06-13,coast,15.5,9.9,6.3,0.0
2025-06-14,coast,13.9,10.0,8.2,0.0
2025-06-15,coast,14.3,7.9,9.8,2.1
2025-06-16,coast,12.7,9.9,10.6,0.0
2025-06-17,coast,12.2,9.5,7.0,0.0
2025-06-18,coast,12.6,8.3,8.1,6.0
2025-06-19,coast,14.4,11.2,5.4,0.0
2025-06-20,coast,14.5,8.2,5.5,3.3
2025-06-21,coast,15.2,9.6,8.5,0.0
2025-06-22,coast,16.9,12.4,6.9,4.6
2025-06-23,coast,14.2,11.7,6.2,4.5
2025-06-24,coast,13.5,8.9,10.3,0.0
2025-06-25,coast,14.7,11.0,5.4,0.0
2025-06-26,coast,14.6,8.6,6.3,0.9
2025-06-27,coast,12.7,9.5,7.6,0.0
2025-06-28,coast,13.5,7.5,8.1,0.0
2025-06-29,coast,14.1,11.0,6.7,1.1
2025-06-30,coast,16.3,11.5,6.2,0.0
2025-07-01,coast,17.2,11.8,6.1,0.0
2025-07-02,coast,17.4,13.9,9.9,0.0
2025-07-03,coast,16.4,11.7,4.7,0.0
2025-07-04,coast,15.2,11.9,5.5,0.0
2025-07-05,coast,15.7,10.4,10.7,0.0
2025-07-06,coast,15.7,11.4,8.1,0.0
2025-07-07,coast,14.0,10.9,8.2,0.0
2025-07-08,coast,13.6,7.3,9.0,0.0
2025-07-09,coast,16.6,13.9,5.0,0.0
2025-07-10,coast,20.0,15.1,5.5,4.4
2025-07-11,coast,22.2,18.0,9.4,0.0
2025-07-12,coast,16.8,10.5,7.4,1.3
2025-07-13,coast,15.9,10.0,6.8,11.2
2025-07-14,coast,13.8,8.9,6.0,0.0
2025-07-15,coast,15.4,11.0,6.2,0.0
2025-07-16,coast,16.8,10.9,10.4,0.0
2025-07-17,coast,17.1,13.1,6.5,0.0
2025-07-18,coast,16.2,12.8,9.3,1.0
2025-07-19,coast,16.7,11.3,10.4,0.0
2025-07-20,coast,16.9,14.3,7.8,2.0
2025-07-21,coast,17.7,12.2,11.6,1.0
2025-07-22,coast,18.3,14.8,9.3,9.8
2025-07-23,coast,18.5,12.4,10.0,0.0
2025-07-24,coast,16.7,12.2,9.5,0.0
2025-07-25,coast,17.7,14.4,9.3,0.0
2025-07-26,coast,20.8,15.7,9.4,0.0
2025-07-27,coast,22.2,17.0,7.4,0.0
2025-07-28,coast,21.0,17.2,9.8,3.7
2025-07-29,coast,19.0,13.4,7.4,0.0
2025-07-30,coast,20.1,14.5,6.3,2.8
2025-07-31,coast,19.2,13.1,8.5,0.0
2025-08-01,coast,20.1,14.6,8.6,1.0
2025-08-02,coast,19.7,13.4,8.3,0.5
2025-08-03,coast,20.1,17.3,5.3,0.0
2025-08-04,coast,20.3,16.0,5.2,0.0
2025-08-05,coast,19.7,14.3,8.0,3.0
2025-08-06,coast,22.5,18.8,9.9,0.0
2025-08-07,coast,21.5,17.8,9.4,6.1
2025-08-08,coast,18.0,12.1,8.4,0.0
2025-08-09,coast,17.3,13.4,9.7,6.3
2025-08-10,coast,16.7,12.9,6.4,0.2
2025-08-11,coast,14.9,11.0,6.6,0.0
2025-08-12,coast,14.5,11.4,8.3,4.6
2025-08-13,coast,13.3,9.1,8.6,0.0
2025-08-14,coast,13.6,7.1,4.7,1.1
2025-08-15,coast,16.1,11.2,6.7,0.0
2025-08-16,coast,12.9,7.7,8.3,0.0
2025-08-17,coast,13.5,8.9,8.3,4.2
2025-08-18,coast,15.0,8.5,4.2,0.9
2025-08-19,coast,17.8,11.8,6.5,4.7
2025-08-20,coast,11.7,5.6,6.7,0.0
2025-08-21,coast,11.8,7.1,8.0,2.1
2025-08-22,coast,11.0,8.1,8.5,0.0
2025-08-23,coast,13.9,11.1,8.1,0.0
2025-08-24,coast,15.7,10.5,6.6,0.0
2025-08-25,coast,14.5,10.2,9.6,1.4
2025-08-26,coast,14.4,11.6,8.4,3.6
2025-08-27,coast,18.8,16.3,5.8,1.8
2025-08-28,coast,18.2,15.0,9.9,3.9
2025-08-29,coast,16.7,11.9,9.3,3.2
2025-08-30,coast,19.0,13.8,6.1,1.8
2025-08-31,coast,17.6,13.6,7.7,0.0
2025-09-01,coast,17.9,12.9,3.5,6.3
2025-09-02,coast,15.4,10.5,5.7,0.0
2025-09-03,coast,15.2,10.7,9.6,0.0
2025-09-04,coast,15.0,10.8,5.5,0.0
2025-09-05,coast,16.3,10.7,8.7,0.0
2025-09-06,coast,14.1,10.7,5.3,7.1
2025-09-07,coast,12.6,8.6,3.7,0.0
2025-09-08,coast,15.5,9.7,8.8,0.0
2025-09-09,coast,14.3,8.5,3.8,2.1
2025-09-10,coast,14.0,9.0,4.9,0.0
2025-09-11,coast,14.0,8.4,8.2,0.3
2025-09-12,coast,14.0,11.0,6.7,0.0
2025-09-13,coast,11.6,5.6,9.1,0.0
2025-09-14,coast,12.8,7.7,5.8,9.6
2025-09-15,coast,12.6,7.3,5.1,0.0
2025-09-16,coast,9.2,5.0,4.2,0.0
2025-09-17,coast,10.2,5.7,5.9,0.4
2025-09-18,coast,12.9,7.5,7.0,0.0
2025-09-19,coast,13.7,7.8,6.9,0.0
2025-09-20,coast,15.0,8.7,6.6,0.0
2025-09-21,coast,14.0,11.2,5.8,0.0
2025-09-22,coast,13.9,8.7,7.4,0.0
2025-09-23,coast,15.1,9.7,7.3,1.5
2025-09-24,coast,15.6,12.4,3.5,14.6
2025-09-25,coast,13.6,9.7,1.8,0.0
2025-09-26,coast,15.5,9.3,7.7,0.0
2025-09-27,coast,16.9,13.9,7.5,1.3
2025-09-28,coast,13.6,10.2,4.3,0.0
2025-09-29,coast,15.1,12.6,5.0,1.2
2025-09-30,coast,14.9,10.7,6.5,0.0
2025-10-01,coast,15.6,9.7,6.0,0.0
2025-10-02,coast,15.4,9.0,5.1,0.0
2025-10-03,coast,12.9,7.5,4.9,8.9
2025-10-04,coast,13.2,8.6,3.0,8.9
2025-10-05,coast,15.1,9.6,4.0,4.0
2025-10-06,coast,14.5,9.9,2.4,0.0
2025-10-07,coast,15.0,11.4,5.7,0.0
2025-10-08,coast,13.5,10.6,5.8,0.0
2025-10-09,coast,14.6,11.5,4.0,0.1
2025-10-10,coast,15.1,12.0,3.6,3.1
2025-10-11,coast,14.5,11.1,6.5,0.4
2025-10-12,coast,12.4,8.3,3.9,0.0
2025-10-13,coast,14.7,10.4,3.0,0.0
2025-10-14,coast,12.8,7.9,3.2,2.9
2025-10-15,coast,13.4,8.2,3.2,2.2
2025-10-16,coast,16.2,12.9,6.3,3.2
2025-10-17,coast,13.8,10.0,4.5,0.0
2025-10-18,coast,12.4,8.0,2.6,0.0
2025-10-19,coast,9.5,3.5,6.5,0.0
2025-10-20,coast,9.2,5.7,3.3,0.0
2025-10-21,coast,11.5,5.0,4.8,6.9
2025-10-22,coast,11.1,5.7,5.4,0.0
2025-10-23,coast,8.7,5.8,4.1,0.0
2025-10-24,coast,10.1,4.6,7.6,2.1
2025-10-25,coast,10.2,7.3,2.9,1.2
2025-10-26,coast,9.2,6.3,3.5,0.0
2025-10-27,coast,10.2,4.8,1.6,0.0
2025-10-28,coast,10.5,6.6,4.5,3.4
2025-10-29,coast,11.9,7.3,3.1,4.4
2025-10-30,coast,8.9,2.9,6.6,2.9
2025-10-31,coast,7.2,2.3,5.8,0.0
2025-11-01,coast,8.5,4.8,3.4,0.0
2025-11-02,coast,8.7,3.0,0.5,0.0
2025-11-03,coast,9.0,2.9,5.0,0.0
2025-11-04,coast,8.3,5.3,5.8,0.0
2025-11-05,coast,8.0,3.8,5.5,0.0
2025-11-06,coast,7.6,1.2,1.7,0.0
2025-11-07,coast,4.8,1.2,2.7,0.0
2025-11-08,coast,4.7,1.0,2.8,8.9
2025-11-09,coast,7.4,2.4,3.1,0.0
2025-11-10,coast,6.4,0.3,6.7,0.0
2025-11-11,coast,4.3,-0.7,2.3,0.0
2025-11-12,coast,5.0,1.3,1.8,0.0
2025-11-13,coast,3.8,-0.2,2.3,1.3
2025-11-14,coast,5.0,-1.4,6.0,0.0
2025-11-15,coast,6.5,0.1,2.8,0.0
2025-11-16,coast,7.9,4.9,0.0,0.0
2025-11-17,coast,9.0,6.0,4.6,14.5
2025-11-18,coast,8.8,5.0,5.4,0.0
2025-11-19,coast,10.4,7.5,2.7,0.0
2025-11-20,coast,12.6,7.0,1.3,3.6
2025-11-21,coast,11.7,7.9,2.8,8.8
2025-11-22,coast,12.5,9.2,0.3,0.0
2025-11-23,coast,11.5,8.4,0.1,0.0
2025-11-24,coast,10.5,6.4,2.9,0.0
2025-11-25,coast,10.5,5.7,3.9,10.6
2025-11-26,coast,10.2,4.0,3.8,0.0
2025-11-27,coast,7.1,3.0,1.0,4.8
2025-11-28,coast,7.5,4.7,4.4,20.5
2025-11-29,coast,8.1,3.9,3.1,4.7
2025-11-30,coast,6.7,4.1,1.0,3.6
2025-12-01,coast,7.5,2.5,0.0,0.0
2025-12-02,coast,7.7,3.5,4.2,1.2
2025-12-03,coast,6.7,1.9,1.9,0.0
2025-12-04,coast,6.6,0.2,3.0,2.2
2025-12-05,coast,4.9,-0.8,0.0,5.3
2025-12-06,coast,7.2,3.4,1.2,0.0
2025-12-07,coast,7.6,2.0,2.9,0.0
2025-12-08,coast,6.3,3.0,3.9,0.0
2025-12-09,coast,7.1,4.5,3.5,0.0
2025-12-10,coast,6.6,2.9,1.6,0.0
2025-12-11,coast,7.4,3.9,2.9,0.0
2025-12-12,coast,6.3,-0.2,0.9,0.0
2025-12-13,coast,8.7,5.8,2.0,0.0
2025-12-14,coast,9.4,5.6,2.8,0.0
2025-12-15,coast,5.9,-0.5,3.4,0.0
2025-12-16,coast,6.0,1.9,0.1,0.0
2025-12-17,coast,7.6,3.7,2.7,9.3
2025-12-18,coast,8.5,5.5,0.0,0.0
2025-12-19,coast,7.8,3.8,0.0,0.0
2025-12-20,coast,8.8,4.4,2.6,5.1
2025-12-21,coast,9.0,6.4,4.6,0.0
2025-12-22,coast,7.5,3.9,0.2,0.0
2025-12-23,coast,6.7,3.6,2.4,0.0
2025-12-24,coast,7.6,4.6,0.4,0.0
2025-12-25,coast,6.2,-0.1,0.6,1.5
2025-12-26,coast,5.1,2.3,0.1,4.5
2025-12-27,coast,5.6,1.3,0.0,3.3
2025-12-28,coast,6.3,2.2,1.1,0.3
2025-12-29,coast,5.9,2.1,0.9,0.0
2025-12-30,coast,6.1,-0.1,0.0,0.0
2025-12-31,coast,6.6,3.5,0.5,0.8
